Gorilla_gorilla	ENSG00000133135	0	0
Gorilla_gorilla	ENSG00000169006	0	0
Gorilla_gorilla	ENSG00000114859	0	0
Gorilla_gorilla	ENSG00000176681	0	0
Gorilla_gorilla	ENSG00000165935	0	0
Gorilla_gorilla	ENSG00000130475	0	0
Gorilla_gorilla	ENSG00000244005	0	0
Gorilla_gorilla	ENSG00000151208	0	0
Gorilla_gorilla	ENSG00000083807	0	0
Gorilla_gorilla	ENSG00000011422	0	0
Gorilla_gorilla	ENSG00000104755	0	0
Gorilla_gorilla	ENSG00000156395	0	0
Gorilla_gorilla	ENSG00000130313	0	0
Gorilla_gorilla	ENSG00000107554	0	0
Gorilla_gorilla	ENSG00000055044	0	0
Gorilla_gorilla	ENSG00000161249	0	0
Gorilla_gorilla	ENSG00000049540	0	0
Gorilla_gorilla	ENSG00000160949	0	0
Gorilla_gorilla	ENSG00000100219	0	0
Gorilla_gorilla	ENSG00000137825	0	0
Gorilla_gorilla	ENSG00000140332	0	0
Gorilla_gorilla	ENSG00000178852	0	0
Gorilla_gorilla	ENSG00000177679	0	0
Gorilla_gorilla	ENSG00000172987	0	0
Gorilla_gorilla	ENSG00000157106	0	0
Gorilla_gorilla	ENSG00000110057	0	0
Gorilla_gorilla	ENSG00000099822	0	0
Gorilla_gorilla	ENSG00000155729	0	0
Gorilla_gorilla	ENSG00000170385	0	0
Gorilla_gorilla	ENSG00000184349	0	0
Gorilla_gorilla	ENSG00000168297	0	0
Gorilla_gorilla	ENSG00000101557	0	0
Gorilla_gorilla	ENSG00000109685	0	0
Gorilla_gorilla	ENSG00000187867	1.11022302462516e-16	2.91059693353772e-14
Gorilla_gorilla	ENSG00000100304	1.11022302462516e-16	2.91059693353772e-14
Gorilla_gorilla	ENSG00000048991	1.11022302462516e-16	2.91059693353772e-14
Gorilla_gorilla	ENSG00000137098	2.22044604925031e-16	5.59291175464107e-14
Gorilla_gorilla	ENSG00000071553	3.33066907387547e-16	8.07278772132156e-14
Gorilla_gorilla	ENSG00000182901	4.44089209850063e-16	1.05643888698776e-13
Gorilla_gorilla	ENSG00000185420	1.11022302462516e-15	2.5467723168455e-13
Gorilla_gorilla	ENSG00000197724	1.55431223447522e-15	3.50292894106468e-13
Gorilla_gorilla	ENSG00000172264	1.77635683940025e-15	3.86764067100604e-13
Gorilla_gorilla	ENSG00000177106	1.77635683940025e-15	3.86764067100604e-13
Gorilla_gorilla	ENSG00000157601	2.22044604925031e-15	4.75397499144491e-13
Gorilla_gorilla	ENSG00000136247	3.10862446895044e-15	6.54645736526842e-13
Gorilla_gorilla	ENSG00000160111	5.6621374255883e-15	1.15453678363662e-12
Gorilla_gorilla	ENSG00000182580	6.55031584528842e-15	1.31477120857148e-12
Gorilla_gorilla	ENSG00000261052	6.88338275267597e-15	1.36036822832116e-12
Gorilla_gorilla	ENSG00000113845	8.88178419700125e-15	1.72871817870724e-12
Gorilla_gorilla	ENSG00000145757	9.32587340685131e-15	1.78806223558824e-12
Gorilla_gorilla	ENSG00000144061	2.00950367457153e-14	3.7411716237023e-12
Gorilla_gorilla	ENSG00000124749	2.24265050974282e-14	4.11558406402232e-12
Gorilla_gorilla	ENSG00000198099	4.35207425653061e-14	7.87418956329468e-12
Gorilla_gorilla	ENSG00000115252	6.19504447740837e-14	1.10529918551094e-11
Gorilla_gorilla	ENSG00000107672	7.07212066686225e-14	1.22768192008801e-11
Gorilla_gorilla	ENSG00000165695	1.0635936575909e-13	1.75165693915547e-11
Gorilla_gorilla	ENSG00000167110	1.20348175869367e-13	1.95695274331378e-11
Gorilla_gorilla	ENSG00000126870	1.30784272300843e-13	2.10006845247079e-11
Gorilla_gorilla	ENSG00000072182	1.40110145707695e-13	2.22204312563093e-11
Gorilla_gorilla	ENSG00000122705	1.47770684577608e-13	2.28706290853488e-11
Gorilla_gorilla	ENSG00000149380	1.72750702631674e-13	2.64185181667439e-11
Gorilla_gorilla	ENSG00000166900	1.82742709853301e-13	2.76177982444177e-11
Gorilla_gorilla	ENSG00000137817	1.92956761679852e-13	2.88223553551091e-11
Gorilla_gorilla	ENSG00000129221	2.72892819452863e-13	3.9836149530585e-11
Gorilla_gorilla	ENSG00000119487	2.99094082834017e-13	4.26906954231754e-11
Gorilla_gorilla	ENSG00000169302	3.55160345577588e-13	4.9057954831072e-11
Gorilla_gorilla	ENSG00000174448	4.57966997657877e-13	6.2585575020352e-11
Gorilla_gorilla	ENSG00000174990	4.84390305643956e-13	6.48174777739819e-11
Gorilla_gorilla	ENSG00000140263	4.86721773995669e-13	6.44580196778182e-11
Gorilla_gorilla	ENSG00000005893	6.17284001691587e-13	8.00972756134356e-11
Gorilla_gorilla	ENSG00000139220	6.69020394639119e-13	8.50914454409319e-11
Gorilla_gorilla	ENSG00000166317	6.78013201138583e-13	8.53897802139827e-11
Gorilla_gorilla	ENSG00000167302	8.90509888051838e-13	1.09995096364557e-10
Gorilla_gorilla	ENSG00000138378	1.27586829989923e-12	1.54620794155712e-10
Gorilla_gorilla	ENSG00000085491	1.41242573192812e-12	1.68000194003228e-10
Gorilla_gorilla	ENSG00000135077	1.48858703141741e-12	1.75434761519156e-10
Gorilla_gorilla	ENSG00000009413	1.73372427525464e-12	2.02467473090192e-10
Gorilla_gorilla	ENSG00000103254	1.88415949509135e-12	2.18053269134626e-10
Gorilla_gorilla	ENSG00000258366	1.88893345409724e-12	2.16653920994046e-10
Gorilla_gorilla	ENSG00000137561	2.13984385766253e-12	2.43260479606485e-10
Gorilla_gorilla	ENSG00000135744	3.58291174507031e-12	3.96776588596321e-10
Gorilla_gorilla	ENSG00000096093	3.58868490479836e-12	3.94019199034528e-10
Gorilla_gorilla	ENSG00000117118	3.65407704094878e-12	3.97798929390068e-10
Gorilla_gorilla	ENSG00000149262	4.73177053095242e-12	5.10792640677435e-10
Gorilla_gorilla	ENSG00000120992	4.89519536017724e-12	5.24030663306974e-10
Gorilla_gorilla	ENSG00000054598	4.90629759042349e-12	5.20878502864299e-10
Gorilla_gorilla	ENSG00000124783	5.56044099653263e-12	5.85487090503755e-10
Gorilla_gorilla	ENSG00000143107	5.71942493365896e-12	5.97331160144577e-10
Gorilla_gorilla	ENSG00000162105	7.1563865944313e-12	7.41378566065036e-10
Gorilla_gorilla	ENSG00000186281	7.66720020806133e-12	7.87942830982047e-10
Gorilla_gorilla	ENSG00000104529	8.0798701063145e-12	8.23761995124731e-10
Gorilla_gorilla	ENSG00000124222	9.48296996483577e-12	9.59198678490396e-10
Gorilla_gorilla	ENSG00000155008	9.67725899414518e-12	9.71203664365539e-10
Gorilla_gorilla	ENSG00000184205	1.02757802267206e-11	1.02327653327483e-09
Gorilla_gorilla	ENSG00000184056	1.1669554211835e-11	1.15313148773256e-09
Gorilla_gorilla	ENSG00000215612	1.27593491328071e-11	1.2511954119087e-09
Gorilla_gorilla	ENSG00000185053	1.39450673231067e-11	1.35710859721688e-09
Gorilla_gorilla	ENSG00000157554	1.45625733694033e-11	1.40654750002522e-09
Gorilla_gorilla	ENSG00000146151	1.66535674139823e-11	1.57302740441189e-09
Gorilla_gorilla	ENSG00000107438	1.73362435518243e-11	1.62555755231193e-09
Gorilla_gorilla	ENSG00000081026	1.9406032336633e-11	1.80644848837962e-09
Gorilla_gorilla	ENSG00000007350	2.51609844070799e-11	2.32530939347733e-09
Gorilla_gorilla	ENSG00000184384	3.1746272277644e-11	2.89228804027386e-09
Gorilla_gorilla	ENSG00000101890	3.37883054868371e-11	3.03527672925811e-09
Gorilla_gorilla	ENSG00000090097	5.08491027062519e-11	4.50487981630698e-09
Gorilla_gorilla	ENSG00000090612	5.37355715479748e-11	4.69583096670261e-09
Gorilla_gorilla	ENSG00000183570	5.76003689189974e-11	4.99955634549622e-09
Gorilla_gorilla	ENSG00000075891	6.10690387148338e-11	5.22995247553837e-09
Gorilla_gorilla	ENSG00000133641	7.81910092229054e-11	6.60816910840423e-09
Gorilla_gorilla	ENSG00000111358	9.26522192301604e-11	7.72863901448468e-09
Gorilla_gorilla	ENSG00000164900	9.66893232146049e-11	8.01336158719235e-09
Gorilla_gorilla	ENSG00000270806	1.0141354422899e-10	8.24530626054181e-09
Gorilla_gorilla	ENSG00000172985	1.01888608661227e-10	8.23183060919574e-09
Gorilla_gorilla	ENSG00000165689	1.19004472942663e-10	9.55457162138406e-09
Gorilla_gorilla	ENSG00000197241	1.39743216998056e-10	1.10811195404755e-08
Gorilla_gorilla	ENSG00000204710	1.42734046804094e-10	1.12488439585607e-08
Gorilla_gorilla	ENSG00000129467	1.62091451372248e-10	1.26965047824872e-08
Gorilla_gorilla	ENSG00000104980	1.73018044336004e-10	1.33890951659055e-08
Gorilla_gorilla	ENSG00000183463	1.83609349946323e-10	1.40395577941099e-08
Gorilla_gorilla	ENSG00000183401	2.02082794942271e-10	1.53606839279788e-08
Gorilla_gorilla	ENSG00000007168	2.17850182337997e-10	1.63655172065141e-08
Gorilla_gorilla	ENSG00000204262	2.47335263381387e-10	1.83657155687705e-08
Gorilla_gorilla	ENSG00000196584	2.56897725314786e-10	1.8966138962033e-08
Gorilla_gorilla	ENSG00000166147	2.64737898270084e-10	1.94332745210143e-08
Gorilla_gorilla	ENSG00000134627	2.86555779105413e-10	2.09153155590235e-08
Gorilla_gorilla	ENSG00000104738	2.90136248359829e-10	2.10570070419795e-08
Gorilla_gorilla	ENSG00000182511	3.10864001207278e-10	2.24346008961163e-08
Gorilla_gorilla	ENSG00000103056	3.4673408588759e-10	2.4745255929511e-08
Gorilla_gorilla	ENSG00000270379	3.69154040669173e-10	2.61997392620784e-08
Gorilla_gorilla	ENSG00000138433	3.71615072047859e-10	2.62294901952022e-08
Gorilla_gorilla	ENSG00000145536	3.94861032759763e-10	2.77179498733984e-08
Gorilla_gorilla	ENSG00000187144	5.33815214254219e-10	3.68676894747833e-08
Gorilla_gorilla	ENSG00000172399	5.52557555266731e-10	3.77561401859384e-08
Gorilla_gorilla	ENSG00000048740	5.67838220888461e-10	3.85949724102284e-08
Gorilla_gorilla	ENSG00000103042	7.83224929357118e-10	5.15964484231874e-08
Gorilla_gorilla	ENSG00000169239	8.04161404133197e-10	5.27053948851788e-08
Gorilla_gorilla	ENSG00000168395	8.71318572848168e-10	5.65300928626645e-08
Gorilla_gorilla	ENSG00000117262	8.73895400488323e-10	5.64123633903166e-08
Gorilla_gorilla	ENSG00000225697	8.78705108675604e-10	5.6439229130234e-08
Gorilla_gorilla	ENSG00000103202	9.96514759599165e-10	6.36877044866213e-08
Gorilla_gorilla	ENSG00000121210	1.00858388307756e-09	6.41399433763086e-08
Gorilla_gorilla	ENSG00000126733	1.13534426304795e-09	7.18454798182954e-08
Gorilla_gorilla	ENSG00000130427	1.3357845940476e-09	8.37048238787096e-08
Gorilla_gorilla	ENSG00000196943	1.59642288277695e-09	9.85944632315034e-08
Gorilla_gorilla	ENSG00000111912	1.6370196309623e-09	1.00617962580582e-07
Gorilla_gorilla	ENSG00000198758	1.70335701099589e-09	1.04196781729777e-07
Gorilla_gorilla	ENSG00000111897	1.7497050475157e-09	1.06022221888616e-07
Gorilla_gorilla	ENSG00000172890	1.95502969368988e-09	1.17356595538038e-07
Gorilla_gorilla	ENSG00000102057	1.99262639721809e-09	1.19057110226342e-07
Gorilla_gorilla	ENSG00000165895	2.31228125535665e-09	1.36254885350053e-07
Gorilla_gorilla	ENSG00000147434	2.3785087233108e-09	1.39517456893381e-07
Gorilla_gorilla	ENSG00000182326	2.68476685327812e-09	1.55353671158607e-07
Gorilla_gorilla	ENSG00000050426	3.28041016572911e-09	1.88125665129269e-07
Gorilla_gorilla	ENSG00000165521	3.4526522751932e-09	1.97123427231697e-07
Gorilla_gorilla	ENSG00000053501	3.523854763543e-09	2.00298399524219e-07
Gorilla_gorilla	ENSG00000102967	3.75048969658565e-09	2.10387732062617e-07
Gorilla_gorilla	ENSG00000148386	4.05342504006256e-09	2.25412545734388e-07
Gorilla_gorilla	ENSG00000165995	4.1039760478867e-09	2.27239984099795e-07
Gorilla_gorilla	ENSG00000161055	4.88214868532566e-09	2.6687694473061e-07
Gorilla_gorilla	ENSG00000106638	5.36785860205669e-09	2.90951525746921e-07
Gorilla_gorilla	ENSG00000079134	5.37284305934804e-09	2.89998075379769e-07
Gorilla_gorilla	ENSG00000125046	5.64826674320784e-09	3.023234774302e-07
Gorilla_gorilla	ENSG00000178685	5.85675397068997e-09	3.12181997956362e-07
Gorilla_gorilla	ENSG00000155962	6.09594874578789e-09	3.23589080943765e-07
Gorilla_gorilla	ENSG00000188641	6.65532395860424e-09	3.48956292131551e-07
Gorilla_gorilla	ENSG00000188334	8.90123219576822e-09	4.59217786292524e-07
Gorilla_gorilla	ENSG00000008516	1.01262642715483e-08	5.14158066530867e-07
Gorilla_gorilla	ENSG00000198000	1.05247848214418e-08	5.32288920536383e-07
Gorilla_gorilla	ENSG00000166004	1.24358543462932e-08	6.16799169623484e-07
Gorilla_gorilla	ENSG00000167037	1.25681385299004e-08	6.20962721365771e-07
Gorilla_gorilla	ENSG00000108443	1.30563608813361e-08	6.42613072343462e-07
Gorilla_gorilla	ENSG00000070915	1.34253195227529e-08	6.58250590035434e-07
Gorilla_gorilla	ENSG00000168772	1.42158484983668e-08	6.94360417528593e-07
Gorilla_gorilla	ENSG00000275835	1.49227941115271e-08	7.20669974273222e-07
Gorilla_gorilla	ENSG00000109536	1.88557194302774e-08	8.93802847975437e-07
Gorilla_gorilla	ENSG00000188175	2.14202370285577e-08	1.00424950682063e-06
Gorilla_gorilla	ENSG00000164039	2.15273006087813e-08	1.00559892225602e-06
Gorilla_gorilla	ENSG00000170006	2.43263058585796e-08	1.12005636221976e-06
Gorilla_gorilla	ENSG00000041802	2.57577883466809e-08	1.18173053250522e-06
Gorilla_gorilla	ENSG00000167774	2.60319323874825e-08	1.19005766352171e-06
Gorilla_gorilla	ENSG00000189410	3.17637467439624e-08	1.43675031927092e-06
Gorilla_gorilla	ENSG00000101457	3.22045243805746e-08	1.44650111955546e-06
Gorilla_gorilla	ENSG00000148803	3.40716164171084e-08	1.52503130485775e-06
Gorilla_gorilla	ENSG00000179455	3.60509539998333e-08	1.60245866810332e-06
Gorilla_gorilla	ENSG00000079101	3.68403758610469e-08	1.62629370553611e-06
Gorilla_gorilla	ENSG00000173039	3.84746903225874e-08	1.69262284891766e-06
Gorilla_gorilla	ENSG00000163501	3.92453450848151e-08	1.72063379849671e-06
Gorilla_gorilla	ENSG00000267041	6.17351110232534e-08	2.61732421189674e-06
Gorilla_gorilla	ENSG00000175183	6.20322393452e-08	2.61267589058505e-06
Gorilla_gorilla	ENSG00000136152	6.73940590001365e-08	2.81085740881738e-06
Gorilla_gorilla	ENSG00000196110	7.37875243128627e-08	3.05765979781624e-06
Gorilla_gorilla	ENSG00000164934	7.99300521325819e-08	3.30154806975932e-06
Gorilla_gorilla	ENSG00000008256	8.22839537617526e-08	3.38788355776754e-06
Gorilla_gorilla	ENSG00000112559	9.0409442599082e-08	3.68698317342161e-06
Gorilla_gorilla	ENSG00000065361	9.24247064437722e-08	3.75723980688828e-06
Gorilla_gorilla	ENSG00000148468	9.37164923442424e-08	3.79773520711084e-06
Gorilla_gorilla	ENSG00000157259	9.54675540842942e-08	3.85652893008441e-06
Gorilla_gorilla	ENSG00000125534	1.03410853324881e-07	4.16431292103894e-06
Gorilla_gorilla	ENSG00000106077	1.10561028110467e-07	4.41076697859335e-06
Gorilla_gorilla	ENSG00000168268	1.1930649501668e-07	4.71572687687468e-06
Gorilla_gorilla	ENSG00000129657	1.22566420790449e-07	4.78567854551401e-06
Gorilla_gorilla	ENSG00000145506	1.35083813468384e-07	5.24255790880623e-06
Gorilla_gorilla	ENSG00000113525	1.3739767434906e-07	5.30033190597004e-06
Gorilla_gorilla	ENSG00000142082	1.40564151651645e-07	5.40624877879351e-06
Gorilla_gorilla	ENSG00000158769	1.4068453046967e-07	5.39472680123397e-06
Gorilla_gorilla	ENSG00000094914	1.43264331953219e-07	5.4773024055686e-06
Gorilla_gorilla	ENSG00000188266	1.44208146202196e-07	5.49702624959469e-06
Gorilla_gorilla	ENSG00000066455	1.54893930348621e-07	5.88688588537984e-06
Gorilla_gorilla	ENSG00000177463	1.88330456674102e-07	7.05333249689654e-06
Gorilla_gorilla	ENSG00000165688	2.17608648656054e-07	8.1026107264802e-06
Gorilla_gorilla	ENSG00000188153	2.23345396399566e-07	8.24452575330122e-06
Gorilla_gorilla	ENSG00000137074	2.23734288429256e-07	8.23521681708373e-06
Gorilla_gorilla	ENSG00000165813	2.28204486862893e-07	8.37575668068778e-06
Gorilla_gorilla	ENSG00000172775	2.29702551091115e-07	8.40672071600132e-06
Gorilla_gorilla	ENSG00000173511	2.37801377256375e-07	8.65381442559602e-06
Gorilla_gorilla	ENSG00000198108	2.38587617995556e-07	8.65789983268619e-06
Gorilla_gorilla	ENSG00000162576	2.73935455763485e-07	9.80215839759813e-06
Gorilla_gorilla	ENSG00000071127	2.89050213764241e-07	1.02857037285746e-05
Gorilla_gorilla	ENSG00000188517	3.18921045572296e-07	1.11936058782014e-05
Gorilla_gorilla	ENSG00000124490	3.30428585049169e-07	1.15659008270889e-05
Gorilla_gorilla	ENSG00000186648	3.39828401085818e-07	1.18304488898331e-05
Gorilla_gorilla	ENSG00000185860	3.57754622259954e-07	1.23873743330226e-05
Gorilla_gorilla	ENSG00000198242	3.735444980002e-07	1.2899335003523e-05
Gorilla_gorilla	ENSG00000109270	4.09865160588829e-07	1.4115624270574e-05
Gorilla_gorilla	ENSG00000160050	4.12210334754803e-07	1.41584330488241e-05
Gorilla_gorilla	ENSG00000163793	4.34293421447407e-07	1.48771554451024e-05
Gorilla_gorilla	ENSG00000139842	4.37851723100735e-07	1.49591575397661e-05
Gorilla_gorilla	ENSG00000160256	4.62653658050982e-07	1.57228806648754e-05
Gorilla_gorilla	ENSG00000006576	5.50057227544087e-07	1.83057905311693e-05
Gorilla_gorilla	ENSG00000105968	5.59779481879019e-07	1.85333175881904e-05
Gorilla_gorilla	ENSG00000100445	5.60521430825744e-07	1.85101755794023e-05
Gorilla_gorilla	ENSG00000072818	7.11903408889825e-07	2.32700030295132e-05
Gorilla_gorilla	ENSG00000172687	7.32546595605399e-07	2.38235280180936e-05
Gorilla_gorilla	ENSG00000013374	7.35692896047802e-07	2.38654316733082e-05
Gorilla_gorilla	ENSG00000131910	7.62974828205643e-07	2.45029366078242e-05
Gorilla_gorilla	ENSG00000122484	8.0129584478783e-07	2.56694424492381e-05
Gorilla_gorilla	ENSG00000134490	8.22601027516967e-07	2.60916859246493e-05
Gorilla_gorilla	ENSG00000275572	8.51914848332136e-07	2.68886932227878e-05
Gorilla_gorilla	ENSG00000132821	8.91458811547174e-07	2.79309265686219e-05
Gorilla_gorilla	ENSG00000277632	1.06591777215836e-06	3.30743471042181e-05
Gorilla_gorilla	ENSG00000204179	1.09242527024378e-06	3.38151687266304e-05
Gorilla_gorilla	ENSG00000280071	1.35943606660582e-06	4.12844343064264e-05
Gorilla_gorilla	ENSG00000051341	1.40216057742393e-06	4.24814971169524e-05
Gorilla_gorilla	ENSG00000165609	1.5467980949424e-06	4.66435876235448e-05
Gorilla_gorilla	ENSG00000137842	1.70287354506193e-06	5.09909406989873e-05
Gorilla_gorilla	ENSG00000204514	1.71451157371383e-06	5.12200364556462e-05
Gorilla_gorilla	ENSG00000047644	2.05291367516569e-06	6.10456691462464e-05
Gorilla_gorilla	ENSG00000133321	2.15759391908321e-06	6.3862791439039e-05
Gorilla_gorilla	ENSG00000166415	2.23522522657671e-06	6.57064147839918e-05
Gorilla_gorilla	ENSG00000082293	2.41158112845863e-06	7.0088622570542e-05
Gorilla_gorilla	ENSG00000188171	2.55934233750477e-06	7.42151504911654e-05
Gorilla_gorilla	ENSG00000163069	3.20603163883604e-06	9.15215165166395e-05
Gorilla_gorilla	ENSG00000183780	3.65243372157931e-06	0.00010334617530266
Gorilla_gorilla	ENSG00000129255	3.99872161882531e-06	0.00011264819718296
Gorilla_gorilla	ENSG00000115421	4.2312588341975e-06	0.00011816250213935
Gorilla_gorilla	ENSG00000133134	4.59225841442645e-06	0.000126592599982236
Gorilla_gorilla	ENSG00000087995	4.59809144148782e-06	0.000126481975711676
Gorilla_gorilla	ENSG00000065183	4.81999672596878e-06	0.000132020635270352
Gorilla_gorilla	ENSG00000161405	5.66822664449518e-06	0.000153616117036255
Gorilla_gorilla	ENSG00000032389	5.80021525853347e-06	0.000156862242549728
Gorilla_gorilla	ENSG00000214435	6.8186871385878e-06	0.000182105727613927
Gorilla_gorilla	ENSG00000182118	6.84246616344808e-06	0.000182361660447415
Gorilla_gorilla	ENSG00000148143	7.77202482837858e-06	0.000204588997838834
Gorilla_gorilla	ENSG00000105552	8.11269899392286e-06	0.000212685165869251
Gorilla_gorilla	ENSG00000109099	8.16908630785207e-06	0.000213727256029873
Gorilla_gorilla	ENSG00000130561	8.24106164309946e-06	0.000215172109486292
Gorilla_gorilla	ENSG00000188523	9.55098814925393e-06	0.000243920464742179
Gorilla_gorilla	ENSG00000119698	9.91974299913156e-06	0.000252334690231374
Gorilla_gorilla	ENSG00000165219	1.27401581566655e-05	0.000320902101334363
Gorilla_gorilla	ENSG00000163584	1.297220827845e-05	0.000324836233031128
Gorilla_gorilla	ENSG00000146587	1.33140378070218e-05	0.000332747333986385
Gorilla_gorilla	ENSG00000120694	1.40746193495467e-05	0.000351072932357819
Gorilla_gorilla	ENSG00000101082	1.56866655272037e-05	0.000389017191819418
Gorilla_gorilla	ENSG00000168582	1.60151107670981e-05	0.000395634832527197
Gorilla_gorilla	ENSG00000136531	1.73054079586343e-05	0.000424246699688199
Gorilla_gorilla	ENSG00000114626	1.87252122361148e-05	0.000454714700160928
Gorilla_gorilla	ENSG00000166262	1.87973001672948e-05	0.000455603996130319
Gorilla_gorilla	ENSG00000186868	2.43147192816595e-05	0.000578420155355922
Gorilla_gorilla	ENSG00000140522	2.90194601459959e-05	0.000684007311991676
Gorilla_gorilla	ENSG00000136699	2.96705726954283e-05	0.000696797398254976
Gorilla_gorilla	ENSG00000163382	3.23523358813915e-05	0.000752895120891948
Gorilla_gorilla	ENSG00000161664	3.31364479501106e-05	0.000769748300844703
Gorilla_gorilla	ENSG00000133687	3.41286087578441e-05	0.000791364816070876
Gorilla_gorilla	ENSG00000010295	4.64261833090784e-05	0.0010499837161768
Gorilla_gorilla	ENSG00000182307	5.0764790563429e-05	0.00114207443008373
Gorilla_gorilla	ENSG00000156411	5.1811635429333e-05	0.00115953356920769
Gorilla_gorilla	ENSG00000118705	5.48989656057319e-05	0.00122649062986301
Gorilla_gorilla	ENSG00000115350	5.66691577683631e-05	0.00125729188375197
Gorilla_gorilla	ENSG00000185046	5.80005464169142e-05	0.00128240106587208
Gorilla_gorilla	ENSG00000101306	6.1553510581458e-05	0.0013539664330983
Gorilla_gorilla	ENSG00000093009	6.16477240433788e-05	0.00135372079155768
Gorilla_gorilla	ENSG00000172260	6.47303184637682e-05	0.00141415930439722
Gorilla_gorilla	ENSG00000184903	6.97751548313086e-05	0.00151663559892215
Gorilla_gorilla	ENSG00000179058	7.01586159090883e-05	0.00152239456075701
Gorilla_gorilla	ENSG00000136527	7.02180432872179e-05	0.00152111464429612
Gorilla_gorilla	ENSG00000205208	7.36400655232394e-05	0.00158988282640594
Gorilla_gorilla	ENSG00000158458	8.13087785724864e-05	0.00174372716117222
Gorilla_gorilla	ENSG00000130844	8.37134208352408e-05	0.00178932213652164
Gorilla_gorilla	ENSG00000203685	0.0001041227352232	0.00219272238799545
Gorilla_gorilla	ENSG00000085276	0.000114123795569743	0.00239548084622372
Gorilla_gorilla	ENSG00000110075	0.000124526721081653	0.00259686730359564
Gorilla_gorilla	ENSG00000003987	0.000153366776244779	0.00314720384607098
Gorilla_gorilla	ENSG00000156639	0.00020840391071042	0.00416354064850086
Gorilla_gorilla	ENSG00000049247	0.000209797622766184	0.00418487618331429
Gorilla_gorilla	ENSG00000180957	0.000257536717409246	0.00506633487264805
Gorilla_gorilla	ENSG00000161202	0.000294954545050352	0.00569772343716815
Gorilla_gorilla	ENSG00000150977	0.000309099179341743	0.00595305555895657
Gorilla_gorilla	ENSG00000065609	0.000311118576151959	0.00598297788809591
Gorilla_gorilla	ENSG00000127824	0.000330627080040058	0.00632971008970877
Gorilla_gorilla	ENSG00000102878	0.000354024200426517	0.00675749610502086
Gorilla_gorilla	ENSG00000198034	0.000376021568440299	0.00714552229021314
Gorilla_gorilla	ENSG00000104853	0.000481449257159761	0.00888605913430214
Gorilla_gorilla	ENSG00000137841	0.000492836030318355	0.00908317309249582
Gorilla_gorilla	ENSG00000127334	0.000503583150930131	0.00925469121151425
Gorilla_gorilla	ENSG00000153914	0.000526241747428102	0.00965728783923057
Gorilla_gorilla	ENSG00000143156	0.000563650835768259	0.0103143285417081
Gorilla_gorilla	ENSG00000197562	0.000646753168482617	0.0117016777497573
Gorilla_gorilla	ENSG00000136718	0.000708339528298962	0.0126731609756664
Gorilla_gorilla	ENSG00000153558	0.000767839038827378	0.013623840183393
Gorilla_gorilla	ENSG00000183255	0.000802524138019511	0.0142196207958602
Gorilla_gorilla	ENSG00000115234	0.000890368066793545	0.0156466049056496
Gorilla_gorilla	ENSG00000276747	0.000916445586256032	0.0160172244912177
Gorilla_gorilla	ENSG00000105248	0.00095051535469759	0.0165675987061672
Gorilla_gorilla	ENSG00000099256	0.00101950368178327	0.0176980328326863
Gorilla_gorilla	ENSG00000215568	0.00103350864315943	0.017916939311776
Gorilla_gorilla	ENSG00000198466	0.00105868376175744	0.0182548343671625
Gorilla_gorilla	ENSG00000182774	0.00106734526100127	0.0183795137035152
Gorilla_gorilla	ENSG00000113722	0.00108514903443946	0.0186610769697581
Gorilla_gorilla	ENSG00000170624	0.00108835445422484	0.0186911782339202
Gorilla_gorilla	ENSG00000215375	0.00109936606952421	0.0188550821483418
Gorilla_gorilla	ENSG00000109466	0.00120586263617617	0.0204630269806064
Gorilla_gorilla	ENSG00000105948	0.0012450476503072	0.0210723084530254
Gorilla_gorilla	ENSG00000156575	0.00144249276283548	0.0240965696116835
Gorilla_gorilla	ENSG00000153107	0.00151803121173677	0.0251946110413056
Gorilla_gorilla	ENSG00000147874	0.00152842462538105	0.0253017303320167
Gorilla_gorilla	ENSG00000120253	0.00165620235014363	0.0271718715069541
Gorilla_gorilla	ENSG00000263639	0.00174446592952915	0.0284383367141262
Gorilla_gorilla	ENSG00000105135	0.00205529464703136	0.0331271204965682
Gorilla_gorilla	ENSG00000188283	0.00217779134997831	0.0349698846022767
Gorilla_gorilla	ENSG00000197050	0.00230120060602168	0.0366764553163207
Gorilla_gorilla	ENSG00000180209	0.0023041017311658	0.036677188151866
Gorilla_gorilla	ENSG00000165410	0.00242061140389493	0.0383891038202892
Gorilla_gorilla	ENSG00000173389	0.00247086970283006	0.039089645569649
Gorilla_gorilla	ENSG00000184860	0.00251802445564842	0.0397377667779602
Gorilla_gorilla	ENSG00000006712	0.00252387264604792	0.0397811877437197
Gorilla_gorilla	ENSG00000179403	0.00257904510861207	0.040600996893665
Gorilla_gorilla	ENSG00000106688	0.00272012396575128	0.0426130639805377
Gorilla_gorilla	ENSG00000166295	0.00280691809007982	0.0438124784752921
Gorilla_gorilla	ENSG00000131059	0.00282330593936198	0.0440147913799078
Gorilla_gorilla	ENSG00000224877	0.00296776318659819	0.0457669698619932
Gorilla_gorilla	ENSG00000185760	0.00322582905480973	0.0494498807137062
Hominidae ENSG00000154134 0 0
Hominidae ENSG00000122432 0 0
Hominidae ENSG00000112062 0 0
Hominidae ENSG00000164093 0 0
Hominidae ENSG00000067225 0 0
Hominidae ENSG00000109083 2.22044604925031e-16 1.78274062179184e-13
Hominidae ENSG00000257335 2.22044604925031e-16 1.78274062179184e-13
Hominidae ENSG00000105193 8.65973959207622e-15 5.56215073999056e-12
Hominidae ENSG00000136273 1.90958360235527e-14 1.16811956932647e-11
Hominidae ENSG00000176973 6.60582699651968e-14 3.39433814389167e-11
Hominidae ENSG00000170925 1.16351372980716e-13 5.74865283580876e-11
Hominidae ENSG00000219438 1.73638881051374e-13 8.26135209624426e-11
Hominidae ENSG00000203896 2.10720330073855e-13 9.66754771474551e-11
Hominidae ENSG00000178562 3.5704772471945e-13 1.52887835724869e-10
Hominidae ENSG00000157916 3.86335408109062e-12 1.50389837956637e-09
Hominidae ENSG00000187609 3.96249699718965e-12 1.49712460076171e-09
Hominidae ENSG00000125618 4.01678690309382e-12 1.47427555877552e-09
Hominidae ENSG00000115902 4.32853752840856e-12 1.54456647472045e-09
Hominidae ENSG00000198271 4.37305747169603e-12 1.51827827787587e-09
Hominidae ENSG00000113648 1.36041977683021e-09 3.17744590057471e-07
Hominidae ENSG00000028277 1.46254353072806e-09 3.35497039209512e-07
Hominidae ENSG00000168646 5.1251131116814e-09 1.09728671721099e-06
Hominidae ENSG00000149084 1.30543990062293e-08 2.62026265053159e-06
Hominidae ENSG00000125676 2.62528043748489e-08 5.18836192306629e-06
Hominidae ENSG00000137100 1.08153118461018e-07 2.07363426828394e-05
Hominidae ENSG00000254636 1.23887669789546e-07 2.34038383252428e-05
Hominidae ENSG00000179455 1.2802816284907e-07 2.3835504057379e-05
Hominidae ENSG00000134020 1.33823996772975e-07 2.45586151792234e-05
Hominidae ENSG00000188211 1.68584960436036e-07 2.92654378616394e-05
Hominidae ENSG00000186493 1.94771977990449e-07 3.33605443902041e-05
Hominidae ENSG00000160321 2.01771628849379e-07 3.41047150552516e-05
Hominidae ENSG00000102001 2.7266574520457e-07 4.43375210493406e-05
Hominidae ENSG00000186732 3.8481155884007e-07 6.10282627760437e-05
Hominidae ENSG00000122126 4.29687593617167e-07 6.57115098524539e-05
Hominidae ENSG00000075043 1.09899034439476e-06 0.000155138790814232
Hominidae ENSG00000115255 3.27092668128692e-06 0.000428758409671549
Hominidae ENSG00000108179 4.18905848487139e-06 0.000522452866957843
Hominidae ENSG00000166090 7.75853414447525e-06 0.000889876157320795
Hominidae ENSG00000165168 9.2701449434518e-06 0.00104459896441738
Hominidae ENSG00000158874 3.03211140242343e-05 0.00301941884306445
Hominidae ENSG00000091592 0.00035601677685515 0.0278865336309833
Homininae ENSG00000046653 0 0
Homininae ENSG00000066468 0 0
Homininae ENSG00000186891 4.44089209850063e-16 5.70476998973391e-13
Homininae ENSG00000160781 1.37757361073909e-10 1.60875550941403e-07
Homininae ENSG00000173821 1.74216800985505e-08 1.49199268363986e-05
Homininae ENSG00000128891 1.87008869823035e-06 0.00092396766990258
Homininae ENSG00000177697 7.4401205703678e-05 0.0187403507543029
Hominini ENSG00000155530 0 0
Hominini ENSG00000164048 1.11022302462516e-16 1.42619249743348e-13
Hominini ENSG00000130305 9.76996261670138e-15 1.14095399794678e-11
Hominini ENSG00000148735 2.08794648237642e-10 1.78811736750717e-07
Hominini ENSG00000271503 6.04592487185585e-10 4.85412193149127e-07
Homo_sapiens	ENSG00000177951	0	0
Homo_sapiens	ENSG00000160953	0	0
Homo_sapiens	ENSG00000164897	0	0
Homo_sapiens	ENSG00000126562	0	0
Homo_sapiens	ENSG00000168070	0	0
Homo_sapiens	ENSG00000173486	2.22044604925031e-16	3.56548124358369e-13
Homo_sapiens	ENSG00000140368	8.88178419700125e-16	1.26772666438531e-12
Homo_sapiens	ENSG00000174358	1.33226762955019e-15	1.71143099692017e-12
Homo_sapiens	ENSG00000179855	8.85957973650875e-14	9.48418010793262e-11
Homo_sapiens	ENSG00000213625	5.18385334657978e-12	4.16198625563524e-09
Homo_sapiens	ENSG00000263639	1.44394496359723e-11	1.03049538902056e-08
Homo_sapiens	ENSG00000104635	8.21775980597295e-10	4.39855593614702e-07
Homo_sapiens	ENSG00000105829	1.24646581944887e-09	6.15849996793853e-07
Homo_sapiens	ENSG00000068305	6.22368689917607e-09	2.75687868644192e-06
Homo_sapiens	ENSG00000166863	5.7001214859298e-08	1.97902055697984e-05
Homo_sapiens	ENSG00000105371	1.19903536877075e-07	3.85070208680726e-05
Homo_sapiens	ENSG00000248710	3.4332234466472e-07	9.80070853236221e-05
Homo_sapiens	ENSG00000214026	3.73525145591636e-07	0.000104310956962395
Homo_sapiens	ENSG00000173077	5.50259797282848e-07	0.000150396539487138
Homo_sapiens	ENSG00000148719	7.48539272343862e-07	0.000200327822761026
Homo_sapiens	ENSG00000125144	1.99621710827991e-06	0.000483837829678561
Homo_sapiens	ENSG00000128609	6.1372560700157e-06	0.00133625748263427
Homo_sapiens	ENSG00000136104	7.13304920352265e-06	0.00150215000112216
Homo_sapiens	ENSG00000182774	2.04790067985794e-05	0.0037581903047793
Homo_sapiens	ENSG00000163602	4.89420264260243e-05	0.00766718623742327
Homo_sapiens	ENSG00000198722	7.76839958489539e-05	0.0116038210543682
Homo_sapiens	ENSG00000136003	0.000169337201637587	0.0217530569223644
Homo_sapiens	ENSG00000124702	0.000218310988372772	0.0262095603423984
Homo_sapiens	ENSG00000118298	0.000327741253048019	0.0379294066365302
Homo_sapiens	ENSG00000164626	0.000358084222949029	0.0407075214867542
Pan_troglodytes	ENSG00000085265	0	0
Pan_troglodytes	ENSG00000162526	0	0
Pan_troglodytes	ENSG00000111652	0	0
Pan_troglodytes	ENSG00000108587	0	0
Pan_troglodytes	ENSG00000101017	0	0
Pan_troglodytes	ENSG00000274209	0	0
Pan_troglodytes	ENSG00000135426	0	0
Pan_troglodytes	ENSG00000146205	0	0
Pan_troglodytes	ENSG00000161010	0	0
Pan_troglodytes	ENSG00000126895	0	0
Pan_troglodytes	ENSG00000145113	0	0
Pan_troglodytes	ENSG00000172345	0	0
Pan_troglodytes	ENSG00000114948	0	0
Pan_troglodytes	ENSG00000086730	0	0
Pan_troglodytes	ENSG00000120647	0	0
Pan_troglodytes	ENSG00000166926	0	0
Pan_troglodytes	ENSG00000277363	0	0
Pan_troglodytes	ENSG00000203690	0	0
Pan_troglodytes	ENSG00000150656	0	0
Pan_troglodytes	ENSG00000174137	0	0
Pan_troglodytes	ENSG00000259384	0	0
Pan_troglodytes	ENSG00000166228	0	0
Pan_troglodytes	ENSG00000013725	0	0
Pan_troglodytes	ENSG00000177685	0	0
Pan_troglodytes	ENSG00000180061	0	0
Pan_troglodytes	ENSG00000198246	0	0
Pan_troglodytes	ENSG00000163626	0	0
Pan_troglodytes	ENSG00000108602	0	0
Pan_troglodytes	ENSG00000152086	0	0
Pan_troglodytes	ENSG00000144063	0	0
Pan_troglodytes	ENSG00000160256	0	0
Pan_troglodytes	ENSG00000187997	0	0
Pan_troglodytes	ENSG00000159648	0	0
Pan_troglodytes	ENSG00000163832	0	0
Pan_troglodytes	ENSG00000121104	0	0
Pan_troglodytes	ENSG00000139193	0	0
Pan_troglodytes	ENSG00000178752	0	0
Pan_troglodytes	ENSG00000102384	0	0
Pan_troglodytes	ENSG00000196776	0	0
Pan_troglodytes	ENSG00000109113	0	0
Pan_troglodytes	ENSG00000101104	0	0
Pan_troglodytes	ENSG00000171045	0	0
Pan_troglodytes	ENSG00000067533	0	0
Pan_troglodytes	ENSG00000162722	0	0
Pan_troglodytes	ENSG00000188211	0	0
Pan_troglodytes	ENSG00000172663	0	0
Pan_troglodytes	ENSG00000171611	0	0
Pan_troglodytes	ENSG00000147403	0	0
Pan_troglodytes	ENSG00000105364	1.11022302462516e-16	2.26379761497378e-14
Pan_troglodytes	ENSG00000172889	1.11022302462516e-16	2.26379761497378e-14
Pan_troglodytes	ENSG00000122643	2.22044604925031e-16	4.25729103711485e-14
Pan_troglodytes	ENSG00000109586	2.22044604925031e-16	4.25729103711485e-14
Pan_troglodytes	ENSG00000196415	2.22044604925031e-16	4.25729103711485e-14
Pan_troglodytes	ENSG00000204116	2.22044604925031e-16	4.25729103711485e-14
Pan_troglodytes	ENSG00000161265	3.33066907387547e-16	6.29202572397122e-14
Pan_troglodytes	ENSG00000107679	6.66133814775094e-16	1.24016738907259e-13
Pan_troglodytes	ENSG00000130766	8.88178419700125e-16	1.62993428278111e-13
Pan_troglodytes	ENSG00000113249	1.88737914186277e-15	3.36739895227349e-13
Pan_troglodytes	ENSG00000189283	2.22044604925031e-15	3.85457431738777e-13
Pan_troglodytes	ENSG00000166143	2.44249065417534e-15	4.18349799247152e-13
Pan_troglodytes	ENSG00000154144	3.33066907387547e-15	5.62970722671109e-13
Pan_troglodytes	ENSG00000206559	5.32907051820075e-15	8.77656921497523e-13
Pan_troglodytes	ENSG00000064652	6.43929354282591e-15	1.0470780360904e-12
Pan_troglodytes	ENSG00000213347	1.35447209004269e-14	2.17494355858605e-12
Pan_troglodytes	ENSG00000112530	1.55431223447522e-14	2.46502406963811e-12
Pan_troglodytes	ENSG00000163534	2.04281036531029e-14	3.20023682350927e-12
Pan_troglodytes	ENSG00000089012	2.1094237467878e-14	3.26477800617302e-12
Pan_troglodytes	ENSG00000110719	2.65343302885412e-14	4.05785722484048e-12
Pan_troglodytes	ENSG00000186474	3.19744231092045e-14	4.83227575600989e-12
Pan_troglodytes	ENSG00000186891	4.79616346638068e-14	7.16412975454956e-12
Pan_troglodytes	ENSG00000130066	5.88418203051333e-14	8.68829912229589e-12
Pan_troglodytes	ENSG00000172458	8.30446822419617e-14	1.21226362281845e-11
Pan_troglodytes	ENSG00000204482	1.12243547789603e-13	1.62009057854521e-11
Pan_troglodytes	ENSG00000103024	1.31894495325469e-13	1.88257409661219e-11
Pan_troglodytes	ENSG00000198821	1.40665257220007e-13	1.98569878488814e-11
Pan_troglodytes	ENSG00000187959	1.61426427780498e-13	2.25400422963943e-11
Pan_troglodytes	ENSG00000197562	1.80300219199125e-13	2.4904694793892e-11
Pan_troglodytes	ENSG00000196636	1.86739512741951e-13	2.55197423476926e-11
Pan_troglodytes	ENSG00000104894	3.12527781431982e-13	4.18201237528671e-11
Pan_troglodytes	ENSG00000143727	4.41424674590962e-13	5.78626670387296e-11
Pan_troglodytes	ENSG00000171587	6.43041175862891e-13	8.34394640922697e-11
Pan_troglodytes	ENSG00000167984	8.46878123184069e-13	1.07712835350718e-10
Pan_troglodytes	ENSG00000170906	9.31033028450656e-13	1.1725539493605e-10
Pan_troglodytes	ENSG00000151012	1.24800170198114e-12	1.54152210227401e-10
Pan_troglodytes	ENSG00000178796	1.89204207856619e-12	2.31477833726298e-10
Pan_troglodytes	ENSG00000175121	2.12829753820643e-12	2.57925567696225e-10
Pan_troglodytes	ENSG00000101197	2.1422863483167e-12	2.54813059541447e-10
Pan_troglodytes	ENSG00000131477	2.7601254615206e-12	3.19428573681925e-10
Pan_troglodytes	ENSG00000114473	2.89501755901256e-12	3.32048174670316e-10
Pan_troglodytes	ENSG00000095015	5.58131318939559e-12	6.28925870447156e-10
Pan_troglodytes	ENSG00000151882	6.24944540561501e-12	6.9809022330896e-10
Pan_troglodytes	ENSG00000178222	7.86415377262983e-12	8.70887235889679e-10
Pan_troglodytes	ENSG00000104660	1.05433439756553e-11	1.15760510009631e-09
Pan_troglodytes	ENSG00000112782	1.69497749169523e-11	1.84522719138279e-09
Pan_troglodytes	ENSG00000135052	1.73723258001246e-11	1.84433799362315e-09
Pan_troglodytes	ENSG00000140090	1.95745641917711e-11	2.06110534104501e-09
Pan_troglodytes	ENSG00000138030	2.42863507082802e-11	2.51598759031103e-09
Pan_troglodytes	ENSG00000137343	2.80903078575534e-11	2.88678475790505e-09
Pan_troglodytes	ENSG00000186115	2.82652790062343e-11	2.88171249296893e-09
Pan_troglodytes	ENSG00000173699	2.96596081028611e-11	3.00005768259334e-09
Pan_troglodytes	ENSG00000166676	3.36239924791926e-11	3.37448287021647e-09
Pan_troglodytes	ENSG00000235568	3.67595953676414e-11	3.66057179916838e-09
Pan_troglodytes	ENSG00000164062	3.85700360538976e-11	3.81131294729514e-09
Pan_troglodytes	ENSG00000136867	6.72131239554119e-11	6.49187812279114e-09
Pan_troglodytes	ENSG00000006695	7.88844545240863e-11	7.56231121504785e-09
Pan_troglodytes	ENSG00000102054	8.60068682939641e-11	8.18403133410565e-09
Pan_troglodytes	ENSG00000087460	1.067745891703e-10	1.0011871331983e-08
Pan_troglodytes	ENSG00000080815	1.21674448294584e-10	1.13263040782045e-08
Pan_troglodytes	ENSG00000262484	1.46070711082302e-10	1.34030311040232e-08
Pan_troglodytes	ENSG00000254709	1.55988111316674e-10	1.42115126097446e-08
Pan_troglodytes	ENSG00000143340	1.69410929728997e-10	1.52185510720189e-08
Pan_troglodytes	ENSG00000128313	1.77208914209359e-10	1.58085118884266e-08
Pan_troglodytes	ENSG00000120925	2.1094237467878e-10	1.85600393501617e-08
Pan_troglodytes	ENSG00000002822	2.63986166260111e-10	2.29132857552526e-08
Pan_troglodytes	ENSG00000169570	3.62845753443253e-10	3.12826614008861e-08
Pan_troglodytes	ENSG00000146540	3.75555031517649e-10	3.21625328991715e-08
Pan_troglodytes	ENSG00000224877	4.06016775755802e-10	3.45410033202585e-08
Pan_troglodytes	ENSG00000151287	4.18523660172809e-10	3.53707561748678e-08
Pan_troglodytes	ENSG00000108786	4.56079285449107e-10	3.80441201355794e-08
Pan_troglodytes	ENSG00000224586	6.20098972170524e-10	5.0416401243687e-08
Pan_troglodytes	ENSG00000029639	7.9933881735883e-10	6.41769152986971e-08
Pan_troglodytes	ENSG00000053770	8.72828032072448e-10	6.96419186335569e-08
Pan_troglodytes	ENSG00000173898	8.93143781155459e-10	7.08229939056977e-08
Pan_troglodytes	ENSG00000107669	1.04857289517923e-09	8.26378368801987e-08
Pan_troglodytes	ENSG00000075234	1.3944581045422e-09	1.09226882993592e-07
Pan_troglodytes	ENSG00000198431	1.43938438945668e-09	1.12062617375518e-07
Pan_troglodytes	ENSG00000111843	2.66179389640797e-09	1.9651381835205e-07
Pan_troglodytes	ENSG00000198478	2.71781641636437e-09	1.99503255340667e-07
Pan_troglodytes	ENSG00000103852	3.25581872573366e-09	2.37637769038492e-07
Pan_troglodytes	ENSG00000165591	4.2321433024739e-09	3.05427600357189e-07
Pan_troglodytes	ENSG00000175203	4.24962554035346e-09	3.04975920063578e-07
Pan_troglodytes	ENSG00000163877	4.36446723206529e-09	3.11477478128393e-07
Pan_troglodytes	ENSG00000198963	4.46607684168043e-09	3.16968083470866e-07
Pan_troglodytes	ENSG00000164219	5.82245895941469e-09	4.04298961041303e-07
Pan_troglodytes	ENSG00000205086	1.05392516935865e-08	7.12564353977959e-07
Pan_troglodytes	ENSG00000133678	1.23601635593218e-08	8.31301890487162e-07
Pan_troglodytes	ENSG00000171703	1.2522225256717e-08	8.37815133582222e-07
Pan_troglodytes	ENSG00000166788	1.46584824278762e-08	9.75662514344548e-07
Pan_troglodytes	ENSG00000108176	1.87819348962392e-08	1.23729608039533e-06
Pan_troglodytes	ENSG00000187118	2.02776843094554e-08	1.32901598285339e-06
Pan_troglodytes	ENSG00000070831	2.45000952858732e-08	1.58953648506226e-06
Pan_troglodytes	ENSG00000116882	2.57375977197327e-08	1.6614330668728e-06
Pan_troglodytes	ENSG00000183571	2.89376698159316e-08	1.84941943510178e-06
Pan_troglodytes	ENSG00000116815	4.10277052331764e-08	2.58353873247737e-06
Pan_troglodytes	ENSG00000158869	5.14372229254434e-08	3.20758527038954e-06
Pan_troglodytes	ENSG00000175414	6.29911265370708e-08	3.85325719759624e-06
Pan_troglodytes	ENSG00000169020	6.72420116254457e-08	4.09379564616339e-06
Pan_troglodytes	ENSG00000154319	7.20733155379349e-08	4.36723495943543e-06
Pan_troglodytes	ENSG00000157017	7.88105822824292e-08	4.75305511737129e-06
Pan_troglodytes	ENSG00000156261	8.13846147140751e-08	4.885358694472e-06
Pan_troglodytes	ENSG00000102893	9.79886931595786e-08	5.85471047594394e-06
Pan_troglodytes	ENSG00000216588	1.0259196836504e-07	6.0453964477858e-06
Pan_troglodytes	ENSG00000149651	1.44367769738807e-07	8.24243720028762e-06
Pan_troglodytes	ENSG00000163377	1.59940522381774e-07	9.09113252440827e-06
Pan_troglodytes	ENSG00000169908	2.32053396498344e-07	1.29045797896871e-05
Pan_troglodytes	ENSG00000109208	5.40060462350667e-07	2.85498629603155e-05
Pan_troglodytes	ENSG00000198453	5.65425371190642e-07	2.9646752319653e-05
Pan_troglodytes	ENSG00000243566	9.31685544380834e-07	4.58560632303302e-05
Pan_troglodytes	ENSG00000099958	1.01718638978454e-06	4.93085900497064e-05
Pan_troglodytes	ENSG00000205581	1.79251054666096e-06	8.46565826559069e-05
Pan_troglodytes	ENSG00000169592	1.9574246543641e-06	9.14366440362227e-05
Pan_troglodytes	ENSG00000186493	3.24985344746231e-06	0.00014495700481285
Pan_troglodytes	ENSG00000071462	5.4070524548866e-06	0.000230760783506556
Pan_troglodytes	ENSG00000143420	5.5260060192186e-06	0.000235056534181729
Pan_troglodytes	ENSG00000132297	6.59189911611513e-06	0.000274933558589659
Pan_troglodytes	ENSG00000165029	7.20373775753291e-06	0.000295652444834721
Pan_troglodytes	ENSG00000007171	7.69870819472551e-06	0.000312967105915962
Pan_troglodytes	ENSG00000141552	1.14490090111774e-05	0.00044839624926093
Pan_troglodytes	ENSG00000152611	1.2026794718123e-05	0.000469593328112487
Pan_troglodytes	ENSG00000226742	2.11435218993028e-05	0.000791864963027533
Pan_troglodytes	ENSG00000136688	2.22951475610245e-05	0.000832568213863142
Pan_troglodytes	ENSG00000121892	3.6063002934128e-05	0.00128684815469947
Pan_troglodytes	ENSG00000092841	3.90302135304665e-05	0.00138121796973105
Pan_troglodytes	ENSG00000137103	4.29346246786366e-05	0.00150282885183042
Pan_troglodytes	ENSG00000125971	5.786774531924e-05	0.00194599229416481
Pan_troglodytes	ENSG00000183172	6.32732645908796e-05	0.00210572113195451
Pan_troglodytes	ENSG00000110958	7.55846735432941e-05	0.00247063795505638
Pan_troglodytes	ENSG00000178927	9.19949472902859e-05	0.00293971913654481
Pan_troglodytes	ENSG00000197057	0.000127279960771332	0.00395893069265988
Pan_troglodytes	ENSG00000136244	0.000145124196039736	0.00443872719601535
Pan_troglodytes	ENSG00000197889	0.000199580183254278	0.00594850819973191
Pan_troglodytes	ENSG00000121579	0.000273361279027551	0.00789123368626499
Pan_troglodytes	ENSG00000205883	0.000397324847697389	0.011217659326419
Pan_troglodytes	ENSG00000071203	0.000404174292570225	0.011386015268327
Pan_troglodytes	ENSG00000126010	0.000412126989967732	0.0115341684381819
Pan_troglodytes	ENSG00000244187	0.000588303974099036	0.0161481898531543
Pan_troglodytes	ENSG00000157388	0.000731560743759907	0.0199102315981775
Pan_troglodytes	ENSG00000173950	0.00119153155660223	0.0316902989153463
Pan_troglodytes	ENSG00000034152	0.0011994859966602	0.0318359444485474
Pan_troglodytes	ENSG00000108733	0.0012470434269084	0.0328268849632486
Pan_troglodytes	ENSG00000133739	0.00139063162049791	0.0362354032391808
Pan_troglodytes	ENSG00000101844	0.00179781006859747	0.0451067737132873
Pongo_abelii	ENSG00000186281	0	0
Pongo_abelii	ENSG00000242612	0	0
Pongo_abelii	ENSG00000198715	0	0
Pongo_abelii	ENSG00000182208	0	0
Pongo_abelii	ENSG00000129682	0	0
Pongo_abelii	ENSG00000078900	0	0
Pongo_abelii	ENSG00000152591	0	0
Pongo_abelii	ENSG00000167523	0	0
Pongo_abelii	ENSG00000012174	0	0
Pongo_abelii	ENSG00000127838	0	0
Pongo_abelii	ENSG00000161647	0	0
Pongo_abelii	ENSG00000214279	0	0
Pongo_abelii	ENSG00000079432	0	0
Pongo_abelii	ENSG00000204228	0	0
Pongo_abelii	ENSG00000115594	0	0
Pongo_abelii	ENSG00000158321	0	0
Pongo_abelii	ENSG00000103365	0	0
Pongo_abelii	ENSG00000069424	0	0
Pongo_abelii	ENSG00000090565	0	0
Pongo_abelii	ENSG00000006715	1.11022302462516e-16	3.65690383957303e-14
Pongo_abelii	ENSG00000144278	2.22044604925031e-16	6.95703657284621e-14
Pongo_abelii	ENSG00000204843	2.22044604925031e-16	6.95703657284621e-14
Pongo_abelii	ENSG00000166265	5.55111512312578e-16	1.65836336910869e-13
Pongo_abelii	ENSG00000166997	1.43218770176645e-14	4.08841849264263e-12
Pongo_abelii	ENSG00000179580	1.53210777398272e-14	4.27857749230044e-12
Pongo_abelii	ENSG00000075884	2.53130849614536e-14	6.91855083861347e-12
Pongo_abelii	ENSG00000150093	2.58681964737661e-14	6.92297608129165e-12
Pongo_abelii	ENSG00000198892	3.13082892944294e-14	8.0437256855248e-12
Pongo_abelii	ENSG00000186001	1.66755498298699e-13	4.04177571914167e-11
Pongo_abelii	ENSG00000142515	2.23376872554581e-13	5.31388760154842e-11
Pongo_abelii	ENSG00000070388	2.60014232367212e-13	6.07298696179856e-11
Pongo_abelii	ENSG00000186314	3.58824081558851e-13	8.23116812804464e-11
Pongo_abelii	ENSG00000088367	4.44755343664838e-13	9.85056404261812e-11
Pongo_abelii	ENSG00000102908	4.54081217071689e-13	9.88665646525918e-11
Pongo_abelii	ENSG00000140025	5.23359133808299e-13	1.12051190548357e-10
Pongo_abelii	ENSG00000168887	5.61550805855404e-13	1.18257076262599e-10
Pongo_abelii	ENSG00000153551	1.10689235555128e-12	2.29340954829222e-10
Pongo_abelii	ENSG00000103222	1.15596421323971e-12	2.35706607671068e-10
Pongo_abelii	ENSG00000187867	1.4317436125566e-12	2.87377788232845e-10
Pongo_abelii	ENSG00000110200	1.59250390652232e-12	3.14727772049011e-10
Pongo_abelii	ENSG00000280670	2.09443573595536e-12	4.01568977075859e-10
Pongo_abelii	ENSG00000163904	4.99322805325164e-12	9.43279523118685e-10
Pongo_abelii	ENSG00000105364	5.77005110358186e-12	1.07423299241467e-09
Pongo_abelii	ENSG00000133678	6.90525414626109e-12	1.26721278232671e-09
Pongo_abelii	ENSG00000168092	8.59801119190706e-12	1.55563453198927e-09
Pongo_abelii	ENSG00000184601	9.22117937562916e-12	1.64521208693517e-09
Pongo_abelii	ENSG00000100014	2.40947262142299e-11	4.1269447059733e-09
Pongo_abelii	ENSG00000070159	4.85194107113784e-11	8.20105723682062e-09
Pongo_abelii	ENSG00000100296	7.64321939072943e-11	1.27512722458844e-08
Pongo_abelii	ENSG00000177679	1.39237399388037e-10	2.26410586397307e-08
Pongo_abelii	ENSG00000178796	2.04769756706469e-10	3.16924372849554e-08
Pongo_abelii	ENSG00000126216	3.03856384498147e-10	4.53876641309674e-08
Pongo_abelii	ENSG00000164520	3.19933191050836e-10	4.72397904855062e-08
Pongo_abelii	ENSG00000275052	3.33563288101857e-10	4.86926590790506e-08
Pongo_abelii	ENSG00000169718	7.95237098394352e-10	1.09845330816923e-07
Pongo_abelii	ENSG00000196591	9.35899358012193e-10	1.278996080109e-07
Pongo_abelii	ENSG00000076864	1.25083732260833e-09	1.65652126249759e-07
Pongo_abelii	ENSG00000198108	1.28687949185746e-09	1.68686264820418e-07
Pongo_abelii	ENSG00000180525	1.69299663177469e-09	2.17482347317777e-07
Pongo_abelii	ENSG00000206262	1.72490544070314e-09	2.19387478131411e-07
Pongo_abelii	ENSG00000083828	2.11500350566496e-09	2.66366029742864e-07
Pongo_abelii	ENSG00000184995	2.15723494623177e-09	2.6904699144945e-07
Pongo_abelii	ENSG00000106366	2.65523414366697e-09	3.27972478937941e-07
Pongo_abelii	ENSG00000148411	2.77292322437006e-09	3.39247349907217e-07
Pongo_abelii	ENSG00000169684	9.22418630366906e-09	1.0772172477903e-06
Pongo_abelii	ENSG00000167767	2.39054778194969e-08	2.62469887238681e-06
Pongo_abelii	ENSG00000135953	4.77760708772479e-08	5.11442838740939e-06
Pongo_abelii	ENSG00000257335	5.28543011579785e-08	5.61129217087101e-06
Pongo_abelii	ENSG00000138092	7.4571869568274e-08	7.66360189179238e-06
Pongo_abelii	ENSG00000198056	9.51741219168412e-08	9.70322833447414e-06
Pongo_abelii	ENSG00000121964	1.40399597614582e-07	1.40904158668509e-05
Pongo_abelii	ENSG00000185002	1.58355301649316e-07	1.56479400383624e-05
Pongo_abelii	ENSG00000143549	2.07972531418577e-07	2.00873318691958e-05
Pongo_abelii	ENSG00000175274	2.53449956133522e-07	2.39398392389061e-05
Pongo_abelii	ENSG00000147509	2.73294060493257e-07	2.56258065773458e-05
Pongo_abelii	ENSG00000111843	3.02124721907049e-07	2.8123870852304e-05
Pongo_abelii	ENSG00000229415	1.42204301345483e-06	0.000118620549031433
Pongo_abelii	ENSG00000205643	2.43470872374196e-06	0.000191878946412204
Pongo_abelii	ENSG00000102265	3.65238038613214e-06	0.000279276657382461
Pongo_abelii	ENSG00000153006	4.13373947871776e-06	0.000314213120376381
Pongo_abelii	ENSG00000158869	6.06969443417427e-06	0.000453321480822109
Pongo_abelii	ENSG00000127920	7.51918670127694e-06	0.000542648721149458
Pongo_abelii	ENSG00000048991	8.19886392422475e-06	0.000588394446763079
Pongo_abelii	ENSG00000183395	1.16594016422722e-05	0.000805250932777574
Pongo_abelii	ENSG00000183726	1.17930649705666e-05	0.000805817620276056
Pongo_abelii	ENSG00000156587	2.40983532896477e-05	0.00151748748215105
Pongo_abelii	ENSG00000168071	5.58749159208505e-05	0.00329251912806993
Pongo_abelii	ENSG00000173530	5.66955478192854e-05	0.00332562103783808
Pongo_abelii	ENSG00000172497	8.44090214047188e-05	0.00467378572829749
Pongo_abelii	ENSG00000103121	0.000122059008894615	0.00634805679457581
Pongo_abelii	ENSG00000215845	0.000171056684299176	0.00851703165312874
Pongo_abelii	ENSG00000171195	0.000230083712142171	0.0111534164761446
Pongo_abelii	ENSG00000166863	0.00023525817051584	0.01127659126286
Pongo_abelii	ENSG00000151552	0.000240717148916714	0.0114953624348852
Pongo_abelii	ENSG00000108176	0.000365386220095743	0.0168839977818342
Pongo_abelii	ENSG00000164620	0.000476297800536596	0.0213934319779479
Pongo_abelii	ENSG00000155099	0.000490273139760911	0.0218682248380856
Pongo_abelii	ENSG00000111215	0.000521146799722372	0.0230056762516618
Pongo_abelii	ENSG00000137098	0.000548957310138709	0.0240679372219859
Pongo_abelii	ENSG00000125971	0.00060607419637182	0.0262142394834761
Pongo_abelii	ENSG00000139540	0.000622061571933008	0.0268154461511793
Pongo_abelii	ENSG00000182310	0.000798295349226263	0.0334035897594807
